Mutual Competition,Coastal Sage Scrub,Chaparral,Rhododendron,Blue Grama,Perennial ryegrass,Desert Williow,Redwood
Coastal Sage Scrub,1,1,0.2754,1.197391304,0.3825,0.860625,0.1836
Chaparral,1,1,0.27,1.173913043,0.375,0.84375,0.18
Rhododendron,3.631082062,3.703703704,1,4.347826087,1.388888889,3.125,0.666666667
Blue Grama,0.835148874,0.851851852,0.23,1,0.319444444,0.71875,0.153333333
Perennial ryegrass,2.614379085,2.666666667,0.72,3.130434783,1,2.25,0.48
Desert Williow,1.16194626,1.185185185,0.32,1.391304348,0.444444444,1,0.213333333
Redwood,5.446623094,5.555555556,1.5,6.52173913,2.083333333,4.6875,1